{
  "timestamp": "1970-01-01T00:13:00Z",
  "soil": 22,
  "light": 561,
  "temp": 16.9,
  "hum": 28,
  "H_sensor": 40,
  "H_image": 32.61051715671858,
  "H_total": 36.305258578359286,
  "mood": "cold",
  "level": "too_cold"
}