{
  "timestamp": "1970-01-01T00:26:00Z",
  "soil": 11,
  "light": 110,
  "temp": 14.0,
  "hum": 25,
  "H_sensor": 25,
  "H_image": 55.11984053208907,
  "H_total": 40.059920266044536,
  "mood": "cold",
  "level": "too_cold"
}