{
  "timestamp": "1970-01-01T00:24:00Z",
  "soil": 21,
  "light": 0,
  "temp": 10.5,
  "hum": 27,
  "H_sensor": 25,
  "H_image": 54.72037681385152,
  "H_total": 39.86018840692576,
  "mood": "cold",
  "level": "too_cold"
}