{
  "timestamp": "1970-01-01T00:35:00Z",
  "soil": 16,
  "light": 341,
  "temp": 17.2,
  "hum": 26,
  "H_sensor": 40,
  "H_image": 49.68700209293268,
  "H_total": 44.84350104646634,
  "mood": "cold",
  "level": "too_cold"
}