{
  "timestamp": "1970-01-01T00:6:00Z",
  "soil": 13,
  "light": 979,
  "temp": 14.7,
  "hum": 17,
  "H_sensor": 25,
  "H_image": 38.294574571377424,
  "H_total": 31.647287285688712,
  "mood": "cold",
  "level": "too_cold"
}