{
  "timestamp": "1970-01-01T00:32:00Z",
  "soil": 20,
  "light": 13,
  "temp": 14.9,
  "hum": 17,
  "H_sensor": 25,
  "H_image": 53.626154944625036,
  "H_total": 39.313077472312514,
  "mood": "cold",
  "level": "too_cold"
}