{
  "timestamp": "1970-01-01T00:30:00Z",
  "soil": 16,
  "light": 757,
  "temp": 11.7,
  "hum": 29,
  "H_sensor": 40,
  "H_image": 46.34973512993476,
  "H_total": 43.17486756496738,
  "mood": "cold",
  "level": "too_cold"
}