{
  "timestamp": "1970-01-01T00:34:00Z",
  "soil": 12,
  "light": 208,
  "temp": 11.4,
  "hum": 22,
  "H_sensor": 40,
  "H_image": 88.95999639123724,
  "H_total": 64.47999819561862,
  "mood": "cold",
  "level": "too_cold"
}