{
  "timestamp": "1970-01-01T00:39:00Z",
  "soil": 17,
  "light": 910,
  "temp": 14.8,
  "hum": 24,
  "H_sensor": 25,
  "H_image": 38.2343297937731,
  "H_total": 31.61716489688655,
  "mood": "cold",
  "level": "too_cold"
}