{
  "timestamp": "1970-01-01T00:13:00Z",
  "soil": 17,
  "light": 290,
  "temp": 17.2,
  "hum": 15,
  "H_sensor": 40,
  "H_image": 54.47686714039769,
  "H_total": 47.23843357019884,
  "mood": "cold",
  "level": "too_cold"
}