{
  "timestamp": "1970-01-01T00:10:00Z",
  "soil": 15,
  "light": 540,
  "temp": 16.4,
  "hum": 18,
  "H_sensor": 40,
  "H_image": 53.32427875471551,
  "H_total": 46.662139377357754,
  "mood": "cold",
  "level": "too_cold"
}