{
  "timestamp": "1970-01-01T00:45:00Z",
  "soil": 18,
  "light": 914,
  "temp": 13.8,
  "hum": 17,
  "H_sensor": 25,
  "H_image": 33.635871661781316,
  "H_total": 29.317935830890658,
  "mood": "cold",
  "level": "too_cold"
}