{
  "timestamp": "1970-01-01T00:35:00Z",
  "soil": 24,
  "light": 327,
  "temp": 12.5,
  "hum": 17,
  "H_sensor": 40,
  "H_image": 46.751569460955814,
  "H_total": 43.3757847304779,
  "mood": "cold",
  "level": "too_cold"
}