{
  "timestamp": "1970-01-01T00:10:00Z",
  "soil": 11,
  "light": 423,
  "temp": 15.4,
  "hum": 25,
  "H_sensor": 40,
  "H_image": 37.91568756481391,
  "H_total": 38.957843782406954,
  "mood": "cold",
  "level": "too_cold"
}