{
  "timestamp": "1970-01-01T00:37:00Z",
  "soil": 10,
  "light": 768,
  "temp": 14.2,
  "hum": 10,
  "H_sensor": 40,
  "H_image": 53.626154944625036,
  "H_total": 46.813077472312514,
  "mood": "cold",
  "level": "too_cold"
}