{
  "timestamp": "1970-01-01T00:27:00Z",
  "soil": 17,
  "light": 292,
  "temp": 18.4,
  "hum": 19,
  "H_sensor": 60,
  "H_image": 23.235065402495014,
  "H_total": 41.617532701247505,
  "mood": "sad",
  "level": "too_dry"
}