{
  "timestamp": "1970-01-01T00:9:00Z",
  "soil": 17,
  "light": 392,
  "temp": 18.0,
  "hum": 17,
  "H_sensor": 60,
  "H_image": 84.19328112222453,
  "H_total": 72.09664056111227,
  "mood": "sad",
  "level": "too_dry"
}