{
  "timestamp": "1970-01-01T00:27:00Z",
  "soil": 12,
  "light": 995,
  "temp": 11.3,
  "hum": 26,
  "H_sensor": 25,
  "H_image": 46.88289929955845,
  "H_total": 35.94144964977923,
  "mood": "cold",
  "level": "too_cold"
}