{
  "timestamp": "1970-01-01T00:6:00Z",
  "soil": 13,
  "light": 19,
  "temp": 17.6,
  "hum": 18,
  "H_sensor": 25,
  "H_image": 53.1096286836215,
  "H_total": 39.054814341810754,
  "mood": "cold",
  "level": "too_cold"
}